{"cameraMode":{"drawMode":0,"name":"Shaded","section":"Shading Mode"},"sceneLighting":true,"audioPlay":false,"sceneViewState":{"showFog":true,"showMaterialUpdate":false,"showSkybox":true,"showFlares":true,"showImageEffects":true,"showParticleSystems":true},"in2DMode":false,"pivot":{"x":-1250.207763671875,"y":-115.66707611083985,"z":874.68994140625},"rotation":{"x":0.0335230752825737,"y":-0.4614626169204712,"z":0.017469780519604684,"w":0.8863790035247803},"size":772.6567993164063,"orthographic":false}