{"cameraMode":{"drawMode":0,"name":"Shaded","section":"Shading Mode"},"sceneLighting":true,"audioPlay":false,"sceneViewState":{"showFog":true,"showMaterialUpdate":false,"showSkybox":true,"showFlares":true,"showImageEffects":true,"showParticleSystems":true},"in2DMode":false,"pivot":{"x":69.79891204833985,"y":-1599.013671875,"z":4911.53173828125},"rotation":{"x":0.16011710464954377,"y":0.008881001733243466,"z":-0.001449956907890737,"w":0.987098217010498},"size":2836.0166015625,"orthographic":false}